config_id,method,epsilon,interval,num_sink,max_iters,granularity,weighted_merge,proportional_attention,num_prompts,tf_ppl,tf_tokens,seq_ppl,oracle_ppl,gen_ppl,prefix_match,max_compression_pct,final_compression_pct,decode_tok_s,e2e_tok_s,latency_s,ttft_s,per_token_ms,compress_ms_per_call,compressions_per_prompt,kv_mb_peak,kv_mb_final,tf_max_compression_pct,wall_s
graphkv-e5-M8-s4-Tconv-head,graphkv,5.0,8,4,conv,head,False,False,20,85.778863,925,24.572491,3.759299,2.434656,0.204,38.654074,38.432067,35.032644,32.127874,1.556281,0.129041,28.544805,40.208922,6.0,10.668408,8.317773,25.035043,62.99
graphkv-e10-M8-s4-Tconv-head,graphkv,10.0,8,4,conv,head,False,False,20,301.98079,925,27.014276,5.40572,2.338525,0.18,95.012235,94.47036,39.378665,35.564049,1.405914,0.136191,25.394462,17.834483,6.0,10.596094,0.711035,92.953117,58.02
graphkv-e15-M8-s4-Tconv-head,graphkv,15.0,8,4,conv,head,False,False,20,413.645978,925,26.896892,5.316215,2.27194,0.18,96.640307,96.089315,41.039853,37.013849,1.350846,0.132518,24.366559,12.255855,6.0,10.596094,0.489307,95.049706,55.91
graphkv-e20-M8-s4-Tconv-head,graphkv,20.0,8,4,conv,head,False,False,20,446.977389,925,26.535439,5.04748,2.249902,0.18,97.06455,96.511263,42.233307,38.126592,1.311421,0.127521,23.677994,9.973418,6.0,10.596094,0.42998,95.506211,53.59
graphkv-e25-M8-s4-Tconv-head,graphkv,25.0,8,4,conv,head,False,False,20,490.271082,925,25.746976,4.496235,2.071601,0.18,97.106202,96.552679,42.228076,37.975393,1.316642,0.132596,23.680927,9.70177,6.0,10.596094,0.424341,95.617379,54.73
graphkv-e30-M8-s4-Tconv-head,graphkv,30.0,8,4,conv,head,False,False,20,507.063593,925,25.748561,4.497297,2.050986,0.18,97.115266,96.561696,41.719404,37.601411,1.329737,0.131254,23.969661,9.458405,6.0,10.596094,0.422998,95.641603,54.62
graphkv-e35-M8-s4-Tconv-head,graphkv,35.0,8,4,conv,head,False,False,20,509.149581,925,25.748561,4.497297,2.051613,0.18,97.119105,96.565516,41.809845,37.529333,1.332291,0.136401,23.917812,9.426557,6.0,10.596094,0.422412,95.643874,54.7
graphkv-e40-M8-s4-Tconv-head,graphkv,40.0,8,4,conv,head,False,False,20,509.529571,925,25.399385,4.267926,2.027009,0.18,97.1205,96.566903,40.856723,36.959374,1.352837,0.129048,24.475776,9.792966,6.0,10.596094,0.422241,95.644402,55.66
graphkv-e0.5-M16-s4-Tconv-head,graphkv,0.5,16,4,conv,head,False,False,20,29.17696,925,23.298144,3.06503,3.071296,0.904,0.541533,0.530285,39.798081,35.948639,1.390873,0.134531,25.126839,23.243372,3.0,13.405811,13.405811,0.320539,56.67
graphkv-e1-M16-s4-Tconv-head,graphkv,1.0,16,4,conv,head,False,False,20,29.129409,925,23.336535,3.084439,3.090093,0.857,1.763029,1.749296,36.573251,33.092085,1.510935,0.143816,27.342387,31.996831,3.0,13.2479,13.240625,0.995815,61.16
graphkv-e2-M16-s4-Tconv-head,graphkv,2.0,16,4,conv,head,False,False,20,29.627596,925,23.664083,3.253753,3.062749,0.598,6.658798,6.621039,36.475501,33.186772,1.506624,0.135841,27.415662,40.586093,3.0,12.732373,12.572461,4.271868,61.74
graphkv-e5-M16-s4-Tconv-head,graphkv,5.0,16,4,conv,head,False,False,20,53.584169,925,26.668591,5.14528,2.574553,0.362,35.980483,35.774319,36.956706,33.736623,1.482069,0.129134,27.058689,45.24805,3.0,11.21604,8.660254,24.120987,59.87
graphkv-e10-M16-s4-Tconv-head,graphkv,10.0,16,4,conv,head,False,False,20,142.69373,925,27.103821,5.474743,2.314137,0.344,94.960825,94.419164,40.220183,36.626217,1.365142,0.121985,24.863139,23.905332,3.0,11.158594,0.719189,92.633053,55.63
graphkv-e15-M16-s4-Tconv-head,graphkv,15.0,16,4,conv,head,False,False,20,173.321162,925,26.061307,4.71036,2.265565,0.343,96.607396,96.056605,41.440653,37.401307,1.336852,0.130307,24.130894,15.452028,3.0,11.158594,0.493408,94.902678,55.19
graphkv-e20-M16-s4-Tconv-head,graphkv,20.0,16,4,conv,head,False,False,20,181.336778,925,26.378772,4.934178,2.268999,0.343,97.056512,96.503264,42.073632,37.916493,1.318687,0.130295,23.767856,13.048352,3.0,11.158594,0.431152,95.386652,54.26
graphkv-e25-M16-s4-Tconv-head,graphkv,25.0,16,4,conv,head,False,False,20,189.698413,925,26.049898,4.702459,2.221703,0.343,97.098555,96.545067,42.198481,37.945846,1.317667,0.132791,23.697535,12.782072,3.0,11.158594,0.425537,95.467178,53.86
graphkv-e30-M16-s4-Tconv-head,graphkv,30.0,16,4,conv,head,False,False,20,192.52636,925,25.984967,4.657679,2.210833,0.343,97.112316,96.558758,44.711813,40.521988,1.233898,0.115625,22.365454,12.580227,3.0,11.158594,0.423511,95.488899,50.9
graphkv-e35-M16-s4-Tconv-head,graphkv,35.0,16,4,conv,head,False,False,20,193.168292,925,25.984967,4.657679,2.211446,0.343,97.117442,96.563858,44.233177,40.015333,1.249521,0.119148,22.607465,11.981512,3.0,11.158594,0.422729,95.494567,51.04
graphkv-e40-M16-s4-Tconv-head,graphkv,40.0,16,4,conv,head,False,False,20,193.239699,925,25.984967,4.657679,2.211238,0.343,97.119743,96.56615,45.524553,41.261109,1.211795,0.113486,21.966169,11.112834,3.0,11.158594,0.422339,95.495394,49.81
graphkv-e0.5-M32-s4-Tconv-head,graphkv,0.5,32,4,conv,head,False,False,20,29.162601,925,23.181227,3.006476,3.007678,0.967,0.481674,0.435884,44.068587,40.182271,1.24433,0.109735,22.691901,20.458415,1.0,13.418066,13.418066,0.275923,51.49
graphkv-e1-M32-s4-Tconv-head,graphkv,1.0,32,4,conv,head,False,False,20,29.165198,925,23.232624,3.032114,3.028095,0.954,1.486484,1.343985,42.952162,38.852005,1.286935,0.122849,23.281715,25.50453,1.0,13.293042,13.293042,0.882429,52.61
graphkv-e2-M32-s4-Tconv-head,graphkv,2.0,32,4,conv,head,False,False,20,29.65229,925,23.554387,3.196303,3.086629,0.864,5.597633,5.055527,42.787038,38.614322,1.294856,0.126278,23.371564,37.629069,1.0,12.787354,12.787354,3.849481,52.36
graphkv-e5-M32-s4-Tconv-head,graphkv,5.0,32,4,conv,head,False,False,20,38.724693,925,26.305406,4.88177,3.162023,0.671,28.946262,26.118709,43.195769,38.933205,1.284251,0.12673,23.150416,48.083626,1.0,12.283594,9.934473,21.247609,52.19
graphkv-e10-M32-s4-Tconv-head,graphkv,10.0,32,4,conv,head,False,False,20,71.877516,925,27.447764,5.745932,2.943073,0.662,94.423273,85.276683,42.847338,38.695611,1.292136,0.125203,23.338673,44.640782,1.0,12.283594,1.843213,83.711955,52.42
graphkv-e15-M32-s4-Tconv-head,graphkv,15.0,32,4,conv,head,False,False,20,76.833716,925,28.36779,6.520152,3.049489,0.661,96.291501,86.966848,44.049241,39.537073,1.264636,0.129543,22.701867,29.048448,1.0,12.283594,1.609888,85.685049,52.54
graphkv-e20-M32-s4-Tconv-head,graphkv,20.0,32,4,conv,head,False,False,20,77.696577,925,27.831516,6.060089,3.021033,0.66,96.771632,87.401538,43.667237,39.335996,1.2711,0.126077,22.900464,25.40038,1.0,12.283594,1.549585,86.15931,52.15
graphkv-e25-M32-s4-Tconv-head,graphkv,25.0,32,4,conv,head,False,False,20,78.023199,925,27.831516,6.060089,3.02061,0.66,96.792629,87.42061,43.835061,39.666042,1.260524,0.119885,22.812789,24.091325,1.0,12.283594,1.546899,86.182215,51.95
graphkv-e30-M32-s4-Tconv-head,graphkv,30.0,32,4,conv,head,False,False,20,78.023199,925,27.831516,6.060089,3.02061,0.66,96.792765,87.420739,41.829512,37.810387,1.322388,0.12706,23.906566,23.742676,1.0,12.283594,1.546875,86.182215,53.79
graphkv-e35-M32-s4-Tconv-head,graphkv,35.0,32,4,conv,head,False,False,20,78.023199,925,27.831516,6.060089,3.02061,0.66,96.792765,87.420739,41.633601,37.65774,1.327748,0.126795,24.019061,24.73278,1.0,12.283594,1.546875,86.182215,54.59
graphkv-e40-M32-s4-Tconv-head,graphkv,40.0,32,4,conv,head,False,False,20,78.023199,925,27.831516,6.060089,3.02061,0.66,96.792765,87.420739,43.420613,39.082965,1.27933,0.127803,23.030536,24.880546,1.0,12.283594,1.546875,86.182215,53.53
baseline,baseline,,,,,,,,20,29.152351,925,23.166891,2.999354,2.999351,1.0,0.0,0.0,42.594696,38.016052,1.315234,0.141379,23.477101,0.0,0.0,13.478906,13.478906,0.0,54.42
graphkv-e0.5-M8-s4-Tconv-head,graphkv,0.5,8,4,conv,head,False,False,20,29.177966,925,23.335865,3.084099,3.086059,0.879,0.6067,0.590745,36.699315,33.461494,1.494255,0.131832,27.248465,29.086748,6.0,13.402148,13.401343,0.322656,60.41
graphkv-e1-M8-s4-Tconv-head,graphkv,1.0,8,4,conv,head,False,False,20,29.153133,925,23.202414,3.017025,3.029629,0.856,1.797227,1.780723,34.447317,31.619436,1.581306,0.129814,29.029837,35.187362,6.0,13.236523,13.235889,1.015334,62.24
graphkv-e2-M8-s4-Tconv-head,graphkv,2.0,8,4,conv,head,False,False,20,30.677081,925,24.245432,3.57105,3.212615,0.461,6.716991,6.679708,34.790171,31.805859,1.572037,0.13485,28.743751,41.083939,6.0,12.600415,12.555493,4.359138,62.28
